lexicon,n_poetry,n_prose,mean_poetry,mean_prose,MWU_U,p_raw,cliffs_delta,p_holm,significant_0_05
love_and_desire,33,64,0.020100720184344827,0.012677676976915912,1570.0,9.231566656150876e-05,0.48674242424242425,0.0004615783328075438,True
physical_desire,33,64,0.01524913625179576,0.0091596758881527,1560.0,0.00012617580067258898,0.4772727272727273,0.0005047032026903559,True
lesbian_love,33,64,0.005958506106166435,0.004179480575612693,1489.0,0.0009905763796556292,0.4100378787878788,0.0029717291389668877,True
love,33,64,0.005883393886568482,0.0041460226987565345,1486.0,0.0010741574446131471,0.4071969696969697,0.0029717291389668877,True
sapphism,33,64,7.511221959795448e-05,3.345787685615884e-05,1291.5,0.02710050853682833,0.22301136363636365,0.02710050853682833,True
