lexicon,n_poetry,n_prose,mean_poetry,mean_prose,MWU_U,p_raw,cliffs_delta,p_holm,significant_0_05
physical_desire,34,140,0.0015308935701754344,0.0004735752516974718,4005.5,6.92859672581121e-10,0.6829831932773109,3.4642983629056053e-09,True
love_and_desire,34,140,0.0019110575551178912,0.0006979759600911618,3932.5,3.847081525018234e-09,0.6523109243697479,1.5388326100072936e-08,True
lesbian_love,34,140,0.0003850483633528923,0.00025867851458527785,2869.0,0.06364056402241856,0.20546218487394957,0.19092169206725568,False
love,34,140,0.0003850483633528923,0.00025867851458527785,2869.0,0.06364056402241856,0.20546218487394957,0.19092169206725568,False
sapphism,34,140,0.0,0.0,2380.0,1.0,0.0,1.0,False
