lexicon,n_poetry,n_prose,mean_poetry,mean_prose,MWU_U,p_raw,cliffs_delta,p_holm,significant_0_05
love_and_desire,34,140,0.01697463068769442,0.00965578317927014,3884.0,1.1530748566631824e-08,0.6319327731092437,5.7653742833159115e-08,True
physical_desire,34,140,0.012988078175975344,0.007396466002099945,3814.0,5.3030430219010854e-08,0.6025210084033613,2.1212172087604342e-07,True
love,34,140,0.0045721177487963215,0.0027049045506905094,3496.0,2.297019882659152e-05,0.4689075630252101,6.891059647977455e-05,True
lesbian_love,34,140,0.0045721177487963215,0.0027070910172683838,3492.0,2.4572610625285607e-05,0.4672268907563025,6.891059647977455e-05,True
sapphism,34,140,0.0,2.186466577874154e-06,2227.0,0.13150721040404617,-0.06428571428571428,0.13150721040404617,False
