lexicon,n_poetry,n_prose,mean_poetry,mean_prose,MWU_U,p_raw,cliffs_delta,p_holm,significant_0_05
sapphism,33,64,0.00024411727637734318,3.4010590511211084e-05,1662.0,7.823503122088786e-07,0.5738636363636364,3.911751561044393e-06,True
physical_desire,33,64,0.007014249405548544,0.004262470752212605,1619.0,1.8434863702368072e-05,0.5331439393939394,7.373945480947229e-05,True
love_and_desire,33,64,0.007879466267257669,0.005077006866365766,1587.0,5.3589903794719164e-05,0.5028409090909091,0.00016076971138415748,True
lesbian_love,33,64,0.0017080359420010298,0.0009976488624034157,1497.0,0.0007959066908954609,0.41761363636363635,0.0015918133817909219,True
love,33,64,0.0014639186656236864,0.0009636382718922047,1411.0,0.006945401522667432,0.33617424242424243,0.006945401522667432,True
