lexicon,n_poetry,n_prose,mean_poetry,mean_prose,MWU_U,p_raw,cliffs_delta,p_holm,significant_0_05
lesbian_love,41,109,0.008260899459925256,0.0038696254957836292,3875.0,4.6531427776994834e-12,0.7341687178339673,2.326571388849742e-11,True
love,41,109,0.007780028277579888,0.0037954657922976017,3874.0,4.793611461423309e-12,0.7337211904229134,2.326571388849742e-11,True
love_and_desire,41,109,0.024724017911946665,0.011313385166252063,3840.0,1.304109246412836e-11,0.7185052584470799,3.912327739238508e-11,True
physical_desire,41,109,0.018322669568828626,0.00816231439141937,3655.0,2.1237361211162286e-09,0.6357126874021034,4.247472242232457e-09,True
sapphism,41,109,0.00048087118234536663,7.41597034860272e-05,2882.0,0.0002699550250547086,0.28977399865741776,0.0002699550250547086,True
