lexicon,n_poetry,n_prose,mean_poetry,mean_prose,MWU_U,p_raw,cliffs_delta,p_holm,significant_0_05
physical_desire,26,55,0.0055137883220362826,0.0018614066971807863,1282.5,9.699877098250873e-09,0.7937062937062938,4.849938549125437e-08,True
love_and_desire,26,55,0.00801048034277018,0.003175867053747394,1247.0,7.58470406674021e-08,0.7440559440559441,3.033881626696084e-07,True
lesbian_love,26,55,0.0029193519727851846,0.0016600935442511594,1144.0,1.4590965143344631e-05,0.6,4.377289543003389e-05,True
love,26,55,0.0029193519727851846,0.0016600935442511594,1144.0,1.4590965143344631e-05,0.6,4.377289543003389e-05,True
sapphism,26,55,0.0,0.0,715.0,1.0,0.0,1.0,False
