lexicon,n_poetry,n_prose,mean_poetry,mean_prose,MWU_U,p_raw,cliffs_delta,p_holm,significant_0_05
physical_desire,34,140,0.0029039527788952794,0.0009931475263237571,4106.0,5.78748613284529e-11,0.7252100840336134,2.893743066422645e-10,True
love_and_desire,34,140,0.0034824397734269344,0.001417264310902818,4071.0,1.396446485387311e-10,0.7105042016806723,5.585785941549244e-10,True
lesbian_love,34,140,0.0005938436723080009,0.0004858984489881152,2608.0,0.3878671672526922,0.0957983193277311,1.0,False
love,34,140,0.0005938436723080009,0.0004858984489881152,2608.0,0.3878671672526922,0.0957983193277311,1.0,False
sapphism,34,140,0.0,0.0,2380.0,1.0,0.0,1.0,False
