lexicon,n_poetry,n_prose,mean_poetry,mean_prose,MWU_U,p_raw,cliffs_delta,p_holm,significant_0_05
sapphism,33,64,0.0001991939373035033,9.83611171338065e-06,1608.0,7.202562149656526e-08,0.5227272727272727,3.601281074828263e-07,True
physical_desire,33,64,0.005126184145282301,0.0034927976408674595,1490.0,0.000964082244645002,0.4109848484848485,0.003856328978580008,True
lesbian_love,33,64,0.0013093971564836918,0.0007398311016839647,1425.0,0.005005977811857581,0.3494318181818182,0.015017933435572743,True
love_and_desire,33,64,0.005667927155167661,0.004104273594235473,1394.0,0.010174841336432242,0.32007575757575757,0.020349682672864484,True
love,33,64,0.0011102032191801885,0.000729994989970584,1344.0,0.028544603837346822,0.2727272727272727,0.028544603837346822,True
