lexicon,n_poetry,n_prose,mean_poetry,mean_prose,MWU_U,p_raw,cliffs_delta,p_holm,significant_0_05
physical_desire,26,55,0.0021565978300218443,0.0006192778796474821,1275.0,1.5126789203424362e-08,0.7832167832167832,7.563394601712181e-08,True
love_and_desire,26,55,0.0036175119107132335,0.0014184186411236829,1252.0,5.719679142418546e-08,0.7510489510489511,2.2878716569674184e-07,True
lesbian_love,26,55,0.0017184090796525308,0.0009718471256228333,1134.0,2.2994225086030703e-05,0.586013986013986,6.89826752580921e-05,True
love,26,55,0.0017184090796525308,0.0009718471256228333,1134.0,2.2994225086030703e-05,0.586013986013986,6.89826752580921e-05,True
sapphism,26,55,0.0,0.0,715.0,1.0,0.0,1.0,False
