lexicon,n_poetry,n_prose,mean_poetry,mean_prose,MWU_U,p_raw,cliffs_delta,p_holm,significant_0_05
physical_desire,41,109,0.002701547454675291,0.0008204752834952973,3765.0,1.1044388110088713e-10,0.6849407026180353,5.522194055044356e-10,True
love_and_desire,41,109,0.003033557042001932,0.0011511515918437459,3612.0,6.370644201383549e-09,0.6164690087267846,2.5482576805534197e-08,True
sapphism,41,109,0.0006914493146744638,0.00022172513032166214,3330.5,3.770688219991256e-06,0.49049004251510403,1.1312064659973767e-05,True
lesbian_love,41,109,0.0012213407699095632,0.0006894969094583428,2990.0,0.0014519175965902386,0.3381069590512419,0.0029038351931804773,True
love,41,109,0.0005298914552350994,0.0004677717791366806,2442.0,0.3826214171335123,0.09286193779368987,0.3826214171335123,False
