lexicon,n_poetry,n_prose,mean_poetry,mean_prose,MWU_U,p_raw,cliffs_delta,p_holm,significant_0_05
sapphism,41,109,0.0013746949129438228,0.0003345616733425518,3854.0,8.653634437494543e-12,0.7247706422018348,4.326817218747271e-11,True
love_and_desire,41,109,0.006135963984300994,0.0029060656094210234,3705.0,5.686081041043812e-10,0.6580890579547998,2.2744324164175246e-09,True
physical_desire,41,109,0.0046470817755430395,0.002147967395497501,3675.0,1.2602253017158557e-09,0.644663235623182,3.7806759051475674e-09,True
lesbian_love,41,109,0.0031761795197103614,0.0014371726553445052,3555.0,2.6010822249662567e-08,0.5909599462967107,5.2021644499325135e-08,True
love,41,109,0.0018014846067665386,0.0011026109820019537,3267.0,1.3495280978411752e-05,0.4620720519131797,1.3495280978411752e-05,True
