lexicon,n_poetry,n_prose,mean_poetry,mean_prose,MWU_U,p_raw,cliffs_delta,p_holm,significant_0_05
sapphism,33,64,0.0001991939373035033,9.83611171338065e-06,1608.0,7.202562149656526e-08,0.5227272727272727,3.601281074828263e-07,True
lesbian_love,33,64,0.0011529303527570724,0.000480696051975919,1532.0,0.0002864128693814711,0.45075757575757575,0.0011456514775258844,True
physical_desire,33,64,0.003518006025008512,0.0023674107218213188,1471.0,0.0015987647139840896,0.39299242424242425,0.004796294141952269,True
love,33,64,0.000953736415453569,0.0004708599402625383,1443.0,0.0031946057366670252,0.3664772727272727,0.0063892114733340504,True
love_and_desire,33,64,0.004024712177289476,0.0027609736259016668,1413.0,0.006637550397946819,0.3380681818181818,0.006637550397946819,True
