lexicon,n_poetry,n_prose,mean_poetry,mean_prose,MWU_U,p_raw,cliffs_delta,p_holm,significant_0_05
physical_desire,26,55,0.003990574408354974,0.0013054508665321907,1264.0,2.8757296195965422e-08,0.7678321678321678,1.437864809798271e-07,True
love_and_desire,26,55,0.005886469113123021,0.002389746826995723,1219.0,3.5153823306045923e-07,0.7048951048951049,1.406152932241837e-06,True
lesbian_love,26,55,0.002249300253853415,0.001409662426374243,1103.0,8.854459792953233e-05,0.5426573426573427,0.00026563379378859696,True
love,26,55,0.002249300253853415,0.001409662426374243,1103.0,8.854459792953233e-05,0.5426573426573427,0.00026563379378859696,True
sapphism,26,55,0.0,0.0,715.0,1.0,0.0,1.0,False
