lexicon,n_poetry,n_prose,mean_poetry,mean_prose,MWU_U,p_raw,cliffs_delta,p_holm,significant_0_05
sapphism,41,109,0.0012117914757509905,0.00029708386055528503,3757.0,1.3729274980608872e-10,0.681360483329604,6.864637490304436e-10,True
physical_desire,41,109,0.0034030222509461253,0.001611113612889039,3485.0,1.3555371638136277e-07,0.5596330275229358,5.422148655254511e-07,True
love_and_desire,41,109,0.004417490548800682,0.0021956070517012345,3415.0,6.491551125401623e-07,0.5283061087491608,1.9474653376204867e-06,True
lesbian_love,41,109,0.0024516328549540546,0.001153353335174177,3371.0,1.6639925196026482e-06,0.5086149026627881,3.3279850392052964e-06,True
love,41,109,0.001239841379203064,0.0008562694746188919,2940.0,0.002949116791541427,0.3157305884985455,0.002949116791541427,True
