lexicon,n_poetry,n_prose,mean_poetry,mean_prose,MWU_U,p_raw,cliffs_delta,p_holm,significant_0_05
physical_desire,34,140,0.003842796871409789,0.0014266548884919333,4178.0,8.953107047111538e-12,0.7554621848739496,4.476553523555769e-11,True
love_and_desire,34,140,0.0048474333060733055,0.0019702101861746417,4126.0,3.471731362455496e-11,0.7336134453781512,1.3886925449821983e-10,True
lesbian_love,34,140,0.0011296210626133038,0.0006540774923402027,3319.5,0.000365288611011337,0.39474789915966385,0.0010958658330340108,True
love,34,140,0.0011296210626133038,0.0006540774923402027,3319.5,0.000365288611011337,0.39474789915966385,0.0010958658330340108,True
sapphism,34,140,0.0,0.0,2380.0,1.0,0.0,1.0,False
