lexicon,n_poetry,n_prose,mean_poetry,mean_prose,MWU_U,p_raw,cliffs_delta,p_holm,significant_0_05
love_and_desire,26,55,0.019323514214789946,0.011022802835252862,1198.0,1.055240487391479e-06,0.6755244755244755,5.276202436957395e-06,True
physical_desire,26,55,0.013750913532930396,0.007609843217843743,1164.0,5.703370502174503e-06,0.627972027972028,2.281348200869801e-05,True
love,26,55,0.006472028273814929,0.0040566811762835905,1124.0,3.5891490701204604e-05,0.5720279720279721,0.00010767447210361381,True
lesbian_love,26,55,0.006486783588434705,0.004063142504296651,1122.0,3.918744153726847e-05,0.5692307692307692,0.00010767447210361381,True
sapphism,26,55,1.4755314619776026e-05,6.461328013060161e-06,788.0,0.13235550135061086,0.1020979020979021,0.13235550135061086,False
